[
  {
    "region": "Алтайский край",
    "cities": [
      "г. Алейск",
      "г. Барнаул",
      "г. Белокуриха",
      "г. Бийск",
      "г. Горняк",
      "г. Заринск",
      "г. Камень-на-Оби",
      "г. Новоалтайск",
      "г. Рубцовск",
      "г. Славгород",
      "г. Яровое",
      "пгт Благовещенка рп",
      "пгт Тальменка рп",
      "посёлок Сибирский",
      "прочие сельские населенные пункты",
      "рп Южный",
      "село Алтайское",
      "село Власиха",
      "село Кулунда",
      "село Павловск",
      "село Поспелиха"
    ]
  },
  {
    "region": "Амурская область",
    "cities": [
      "Значение отсутствует",
      "г. Белогорск",
      "г. Благовещенск",
      "г. Зея",
      "г. Райчихинск",
      "г. Свободный",
      "г. Тында",
      "г. Шимановск",
      "прочие сельские населенные пункты",
      "село Чигири"
    ]
  },
  {
    "region": "Архангельская область",
    "cities": [
      "Значение отсутствует",
      "г. Архангельск",
      "г. Вельск",
      "г. Коряжма",
      "г. Котлас",
      "г. Мирный",
      "г. Новодвинск",
      "г. Няндома",
      "г. Онега",
      "г. Северодвинск",
      "пгт Вычегодский",
      "рп Коноша"
    ]
  },
  {
    "region": "Астраханская область",
    "cities": [
      "г. Астрахань",
      "г. Ахтубинск",
      "г. Знаменск",
      "г. Камызяк",
      "г. Нариманов",
      "г. Харабали",
      "поселок Володарский",
      "прочие сельские населенные пункты",
      "село Икряное",
      "село Красный Яр",
      "село Началово"
    ]
  },
  {
    "region": "Белгородская область",
    "cities": [
      "Значение отсутствует",
      "г. Алексеевка",
      "г. Белгород",
      "г. Валуйки",
      "г. Губкин",
      "г. Новый Оскол",
      "г. Старый Оскол",
      "г. Строитель",
      "г. Шебекино",
      "пгт Борисовка",
      "пгт Волоконовка",
      "пгт Разумное",
      "пгт Ракитное",
      "пгт Ровеньки",
      "пгт Северный",
      "пгт Чернянка",
      "посёлок Дубовое",
      "посёлок Майский",
      "прочие сельские населенные пункты",
      "село Стрелецкое",
      "село Таврово"
    ]
  },
  {
    "region": "Брянская область",
    "cities": [
      "Значение отсутствует",
      "г. Брянск",
      "г. Дятьково",
      "г. Жуковка",
      "г. Карачев",
      "г. Клинцы",
      "г. Новозыбков",
      "г. Почеп",
      "г. Сельцо",
      "г. Стародуб",
      "г. Сураж",
      "г. Трубчевск",
      "г. Унеча",
      "г. Фокино",
      "посёлок Клетня",
      "посёлок Климово",
      "посёлок Навля",
      "прочие сельские населенные пункты"
    ]
  },
  {
    "region": "Владимирская область",
    "cities": [
      "г. Александров",
      "г. Владимир",
      "г. Вязники",
      "г. Гороховец",
      "г. Гусь-Хрустальный",
      "г. Камешково",
      "г. Карабаново",
      "г. Киржач",
      "г. Ковров",
      "г. Кольчугино",
      "г. Лакинск",
      "г. Меленки",
      "г. Муром",
      "г. Петушки",
      "г. Покров",
      "г. Радужный",
      "г. Собинка",
      "г. Струнино",
      "г. Судогда",
      "г. Юрьев-Польский"
    ]
  },
  {
    "region": "Волгоградская область",
    "cities": [
      "Значение отсутствует",
      "г. Волгоград",
      "г. Волжский",
      "г. Дубовка",
      "г. Жирновск",
      "г. Калач-на-Дону",
      "г. Камышин",
      "г. Котельниково",
      "г. Котово",
      "г. Краснослободск",
      "г. Ленинск",
      "г. Михайловка",
      "г. Николаевск",
      "г. Новоаннинский",
      "г. Палласовка",
      "г. Петров Вал",
      "г. Суровикино",
      "г. Урюпинск",
      "г. Фролово",
      "пгт Городище рп",
      "пгт Елань рп",
      "пгт Иловля рп",
      "пгт Светлый Яр рп",
      "пгт Средняя Ахтуба рп"
    ]
  },
  {
    "region": "Вологодская область",
    "cities": [
      "г. Бабаево",
      "г. Великий Устюг",
      "г. Вологда",
      "г. Вытегра",
      "г. Грязовец",
      "г. Сокол",
      "г. Череповец",
      "пгт Кадуй",
      "пгт Шексна"
    ]
  },
  {
    "region": "Воронежская область",
    "cities": [
      "г. Бобров",
      "г. Богучар",
      "г. Борисоглебск",
      "г. Бутурлиновка",
      "г. Воронеж",
      "г. Калач",
      "г. Лиски",
      "г. Нововоронеж",
      "г. Острогожск",
      "г. Павловск",
      "г. Поворино",
      "г. Россошь",
      "г. Семилуки",
      "г. Эртиль",
      "пгт Анна",
      "пгт Грибановский",
      "рп Кантемировка",
      "рп Таловая",
      "село Новая Усмань (часть 1)",
      "село Новая Усмань (часть 2)"
    ]
  },
  {
    "region": "Еврейская автономная область",
    "cities": [
      "г. Биробиджан"
    ]
  },
  {
    "region": "Забайкальский край",
    "cities": [
      "г. Балей",
      "г. Борзя",
      "г. Краснокаменск",
      "г. Могоча",
      "г. Нерчинск",
      "г. Петровск-Забайкальский",
      "г. Чита",
      "г. Шилка",
      "пгт Агинское",
      "пгт Атамановка",
      "пгт Забайкальск",
      "пгт Карымское",
      "пгт Могойтуй",
      "пгт Первомайский",
      "пгт Чернышевск",
      "пгт Шерловая Гора",
      "село Смоленка"
    ]
  },
  {
    "region": "Ивановская область",
    "cities": [
      "г. Вичуга",
      "г. Иваново",
      "г. Кинешма",
      "г. Кохма",
      "г. Приволжск",
      "г. Родники",
      "г. Тейково",
      "г. Фурманов",
      "г. Шуя",
      "г. Южа"
    ]
  },
  {
    "region": "Иркутская область",
    "cities": [
      "г. Байкальск",
      "г. Братск",
      "г. Вихоревка",
      "г. Железногорск-Илимский",
      "г. Зима",
      "г. Иркутск",
      "г. Киренск",
      "г. Нижнеудинск",
      "г. Саянск",
      "г. Свирск",
      "г. Слюдянка",
      "г. Тайшет",
      "г. Тулун",
      "г. Усолье-Сибирское",
      "г. Усть-Илимск",
      "г. Усть-Кут",
      "г. Черемхово",
      "г. Шелехов",
      "город Ангарск",
      "пгт Маркова рп",
      "пгт Чунский рп",
      "посёлок Усть-Ордынский",
      "село Хомутово"
    ]
  },
  {
    "region": "Кабардино-Балкарская Республика",
    "cities": [
      "г. Баксан",
      "г. Майский",
      "г. Нальчик",
      "г. Нарткала",
      "г. Прохладный",
      "г. Терек",
      "г. Тырныауз",
      "г. Чегем",
      "село Дыгулыбгей",
      "село Заюково",
      "село Исламей",
      "село Нартан",
      "село Чегем Второй",
      "село Шалушка"
    ]
  },
  {
    "region": "Калининградская область",
    "cities": [
      "Значение отсутствует",
      "г. Балтийск",
      "г. Гвардейск",
      "г. Гурьевск",
      "г. Гусев",
      "г. Зеленоградск",
      "г. Калининград",
      "г. Пионерский",
      "г. Светлогорск",
      "г. Светлый",
      "г. Советск",
      "г. Черняховск",
      "прочие сельские населенные пункты"
    ]
  },
  {
    "region": "Калужская область",
    "cities": [
      "г. Балабаново",
      "г. Белоусово",
      "г. Боровск",
      "г. Ермолино",
      "г. Жуков",
      "г. Калуга",
      "г. Киров",
      "г. Козельск",
      "г. Кондрово",
      "г. Кременки",
      "г. Людиново",
      "г. Малоярославец",
      "г. Обнинск",
      "г. Сосенский",
      "г. Сухиничи",
      "пгт Воротынск",
      "пгт Товарково",
      "прочие сельские населенные пункты"
    ]
  },
  {
    "region": "Камчатский край",
    "cities": [
      "г. Вилючинск",
      "г. Елизово",
      "г. Петропавловск-Камчатский"
    ]
  },
  {
    "region": "Карачаево-Черкесская Республика",
    "cities": [
      "г. Карачаевск",
      "г. Усть-Джегута",
      "г. Черкесск",
      "село Учкекен",
      "станица Зеленчукская",
      "станица Сторожевая"
    ]
  },
  {
    "region": "Кемеровская область – Кузбасс",
    "cities": [
      "Значение отсутствует",
      "г. Анжеро-Судженск",
      "г. Белово",
      "г. Березовский",
      "г. Гурьевск",
      "г. Калтан",
      "г. Кемерово",
      "г. Киселевск",
      "г. Ленинск-Кузнецкий",
      "г. Мариинск",
      "г. Междуреченск",
      "г. Мыски",
      "г. Новокузнецк",
      "г. Осинники",
      "г. Полысаево",
      "г. Прокопьевск",
      "г. Тайга",
      "г. Таштагол",
      "г. Топки",
      "г. Юрга",
      "пгт Бачатский",
      "пгт Грамотеино",
      "пгт Инской",
      "пгт Краснобродский",
      "пгт Новый Городок",
      "пгт Промышленная",
      "пгт Яшкино",
      "прочие сельские населенные пункты"
    ]
  },
  {
    "region": "Кировская область",
    "cities": [
      "г. Вятские Поляны",
      "г. Киров",
      "г. Кирово-Чепецк",
      "г. Котельнич",
      "г. Омутнинск",
      "г. Слободской",
      "г. Советск",
      "г. Яранск",
      "прочие сельские населенные пункты"
    ]
  },
  {
    "region": "Костромская область",
    "cities": [
      "г. Буй",
      "г. Волгореченск",
      "г. Галич",
      "г. Кострома",
      "г. Мантурово",
      "г. Нерехта",
      "г. Шарья"
    ]
  },
  {
    "region": "Краснодарский край",
    "cities": [
      "Западный округ",
      "Карасунский округ",
      "Прикубанский округ",
      "Центральный округ",
      "г. Абинск",
      "г. Анапа",
      "г. Апшеронск",
      "г. Армавир",
      "г. Белореченск",
      "г. Геленджик",
      "г. Горячий Ключ",
      "г. Гулькевичи",
      "г. Ейск",
      "г. Кореновск",
      "г. Кропоткин",
      "г. Крымск",
      "г. Курганинск",
      "г. Лабинск",
      "г. Новокубанск",
      "г. Новороссийск",
      "г. Приморско-Ахтарск",
      "г. Славянск-на-Кубани",
      "г. Сочи",
      "г. Темрюк",
      "г. Тимашевск",
      "г. Тихорецк",
      "г. Туапсе",
      "г. Усть-Лабинск",
      "г. Хадыженск",
      "пгт Афипский",
      "пгт Ахтырский",
      "пгт Ильский",
      "пгт Мостовской",
      "пгт Новомихайловский кп",
      "пгт Псебай",
      "пгт Сириус",
      "посёлок Знаменский",
      "посёлок Южный",
      "прочие сельские населенные пункты",
      "село Белая Глина",
      "село Витязево",
      "село Гайдук",
      "село Супсех",
      "село Успенское",
      "станица Анапская",
      "станица Анастасиевская",
      "станица Брюховецкая",
      "станица Варениковская",
      "станица Васюринская",
      "станица Выселки",
      "станица Гостагаевская",
      "станица Динская",
      "станица Елизаветинская",
      "станица Кавказская",
      "станица Казанская",
      "станица Калининская",
      "станица Каневская",
      "станица Крыловская",
      "станица Кущевская",
      "станица Ладожская",
      "станица Ленинградская",
      "станица Марьянская",
      "станица Медведовская",
      "станица Натухаевская",
      "станица Нововеличковская",
      "станица Новоминская",
      "станица Новомышастовская",
      "станица Новопокровская",
      "станица Новотитаровская",
      "станица Октябрьская",
      "станица Отрадная",
      "станица Павловская",
      "станица Петровская",
      "станица Пластуновская",
      "станица Платнировская",
      "станица Полтавская",
      "станица Раевская",
      "станица Северская",
      "станица Старовеличковская",
      "станица Стародеревянковская",
      "станица Старокорсунская",
      "станица Староминская",
      "станица Старомышастовская",
      "станица Старонижестеблиевская",
      "станица Старотитаровская",
      "станица Старощербиновская",
      "станица Тамань",
      "станица Тбилисская",
      "станица Холмская",
      "хутор Ленина"
    ]
  },
  {
    "region": "Красноярский край",
    "cities": [
      "Значение отсутствует",
      "г. Ачинск",
      "г. Боготол",
      "г. Бородино",
      "г. Дивногорск",
      "г. Дудинка",
      "г. Енисейск",
      "г. Железногорск",
      "г. Заозерный",
      "г. Зеленогорск",
      "г. Иланский",
      "г. Канск",
      "г. Кодинск",
      "г. Красноярск",
      "г. Лесосибирск",
      "г. Минусинск",
      "г. Назарово",
      "г. Норильск",
      "г. Сосновоборск",
      "г. Ужур",
      "г. Уяр",
      "г. Шарыпово",
      "пгт Березовка",
      "пгт Емельяново",
      "пгт Курагино",
      "пгт Шушенское",
      "село Богучаны"
    ]
  },
  {
    "region": "Курганская область",
    "cities": [
      "Значение отсутствует",
      "г. Далматово",
      "г. Катайск",
      "г. Курган",
      "г. Куртамыш",
      "г. Шадринск",
      "г. Шумиха"
    ]
  },
  {
    "region": "Курская область",
    "cities": [
      "г. Железногорск",
      "г. Курск",
      "г. Курчатов",
      "г. Льгов",
      "г. Обоянь",
      "г. Рыльск",
      "г. Щигры"
    ]
  },
  {
    "region": "Ленинградская область",
    "cities": [
      "г. Бокситогорск",
      "г. Волосово",
      "г. Волхов",
      "г. Всеволожск",
      "г. Выборг",
      "г. Гатчина",
      "г. Кингисепп",
      "г. Кириши",
      "г. Кировск",
      "г. Коммунар",
      "г. Кудрово",
      "г. Лодейное Поле",
      "г. Луга",
      "г. Мурино",
      "г. Никольское",
      "г. Отрадное",
      "г. Пикалево",
      "г. Подпорожье",
      "г. Приозерск",
      "г. Светогорск",
      "г. Сертолово",
      "г. Сланцы",
      "г. Сосновый Бор",
      "г. Сясьстрой",
      "г. Тихвин",
      "г. Тосно",
      "г. Шлиссельбург",
      "деревня Новое Девяткино",
      "деревня Старая",
      "пгт Вырица",
      "пгт Им. Морозова",
      "пгт Им. Свердлова",
      "пгт Кузьмоловский",
      "пгт Мга",
      "пгт Рощино",
      "пгт Сиверский",
      "пгт Ульяновка",
      "пгт Янино-1",
      "посёлок Бугры",
      "посёлок Тельмана",
      "прочие сельские населенные пункты"
    ]
  },
  {
    "region": "Липецкая область",
    "cities": [
      "г. Грязи",
      "г. Данков",
      "г. Елец",
      "г. Лебедянь",
      "г. Липецк",
      "г. Усмань",
      "г. Чаплыгин"
    ]
  },
  {
    "region": "Магаданская область",
    "cities": [
      "г. Магадан"
    ]
  },
  {
    "region": "Московская область",
    "cities": [
      "Значение отсутствует",
      "г. Апрелевка",
      "г. Балашиха",
      "г. Белоозёрский",
      "г. Бронницы",
      "г. Видное",
      "г. Волоколамск",
      "г. Воскресенск",
      "г. Высоковск",
      "г. Голицыно",
      "г. Дедовск",
      "г. Дзержинский",
      "г. Дмитров",
      "г. Долгопрудный",
      "г. Домодедово",
      "г. Дрезна",
      "г. Дубна",
      "г. Егорьевск",
      "г. Жуковский",
      "г. Зарайск",
      "г. Звенигород",
      "г. Ивантеевка",
      "г. Истра",
      "г. Кашира",
      "г. Клин",
      "г. Коломна",
      "г. Королёв",
      "г. Котельники",
      "г. Красноармейск",
      "г. Красногорск",
      "г. Краснозаводск",
      "г. Краснознаменск",
      "г. Кубинка",
      "г. Куровское",
      "г. Ликино-Дулёво",
      "г. Лобня",
      "г. Лосино-Петровский",
      "г. Луховицы",
      "г. Лыткарино",
      "г. Люберцы",
      "г. Можайск",
      "г. Мытищи",
      "г. Наро-Фоминск",
      "г. Ногинск",
      "г. Одинцово",
      "г. Озёры",
      "г. Орехово-Зуево",
      "г. Павловский Посад",
      "г. Пересвет",
      "г. Подольск",
      "г. Протвино",
      "г. Пушкино",
      "г. Пущино",
      "г. Раменское",
      "г. Реутов",
      "г. Рошаль",
      "г. Руза",
      "г. Сергиев Посад",
      "г. Серпухов",
      "г. Солнечногорск",
      "г. Старая Купавна",
      "г. Ступино",
      "г. Талдом",
      "г. Фрязино",
      "г. Химки",
      "г. Хотьково",
      "г. Черноголовка",
      "г. Чехов",
      "г. Шатура",
      "г. Щёлково",
      "г. Электрогорск",
      "г. Электросталь",
      "г. Электроугли",
      "г. Яхрома",
      "деревня Давыдово",
      "деревня Мисайлово",
      "деревня Островцы",
      "деревня Путилково",
      "деревня Сапроново",
      "пгт Андреевка рп",
      "пгт Боброво рп",
      "пгт Большие Вязёмы рп",
      "пгт Бутово рп",
      "пгт Вербилки рп",
      "пгт Власиха",
      "пгт Дрожжино рп",
      "пгт Загорянский дп",
      "пгт Запрудня рп",
      "пгт Заречье рп",
      "пгт Ильинский рп",
      "пгт Калининец рп",
      "пгт Красково дп",
      "пгт Кратово дп",
      "пгт Лесной Городок дп",
      "пгт Лесной рп",
      "пгт Малаховка рп",
      "пгт Михнево рп",
      "пгт Монино рп",
      "пгт Нахабино рп",
      "пгт Некрасовский рп",
      "пгт Новоивановское рп",
      "пгт Октябрьский рп",
      "пгт Правдинский рп",
      "пгт Свердловский рп",
      "пгт Селятино рп",
      "пгт Софрино рп",
      "пгт Томилино рп",
      "пгт Тучково рп",
      "пгт Удельная дп",
      "пгт Фряново рп",
      "пгт Шаховская рп",
      "пгт им. Воровского рп",
      "посёлок ВНИИССОК",
      "посёлок Глебовский",
      "посёлок Развилка",
      "прочие сельские населенные пункты",
      "село Молоково",
      "село Немчиновка"
    ]
  },
  {
    "region": "Мурманская область",
    "cities": [
      "г. Апатиты",
      "г. Заполярный",
      "г. Кандалакша",
      "г. Кировск",
      "г. Ковдор",
      "г. Мончегорск",
      "г. Мурманск",
      "г. Оленегорск",
      "г. Полярные Зори",
      "г. Полярный",
      "г. Североморск"
    ]
  },
  {
    "region": "Ненецкий автономный округ",
    "cities": [
      "г. Нарьян-Мар"
    ]
  },
  {
    "region": "Нижегородская область",
    "cities": [
      "Значение отсутствует",
      "г. Арзамас",
      "г. Балахна",
      "г. Богородск",
      "г. Бор",
      "г. Ворсма",
      "г. Выкса",
      "г. Городец",
      "г. Дзержинск",
      "г. Заволжье",
      "г. Кстово",
      "г. Кулебаки",
      "г. Лукоянов",
      "г. Лысково",
      "г. Навашино",
      "г. Нижний Новгород",
      "г. Павлово",
      "г. Первомайск",
      "г. Саров",
      "г. Семенов",
      "г. Сергач",
      "г. Урень",
      "г. Чкаловск",
      "г. Шахунья",
      "прочие сельские населенные пункты",
      "село Починки"
    ]
  },
  {
    "region": "Новгородская область",
    "cities": [
      "г. Боровичи",
      "г. Валдай",
      "г. Великий Новгород",
      "г. Пестово",
      "г. Старая Русса",
      "г. Чудово",
      "пгт Панковка рп"
    ]
  },
  {
    "region": "Новосибирская область",
    "cities": [
      "г. Барабинск",
      "г. Бердск",
      "г. Болотное",
      "г. Искитим",
      "г. Карасук",
      "г. Куйбышев",
      "г. Купино",
      "г. Новосибирск",
      "г. Обь",
      "г. Татарск",
      "г. Тогучин",
      "г. Черепаново",
      "г. Чулым",
      "пгт Колывань рп",
      "пгт Кольцово рп",
      "пгт Коченево рп",
      "пгт Краснообск рп",
      "пгт Линево рп",
      "пгт Маслянино рп",
      "пгт Сузун рп",
      "село Криводановка"
    ]
  },
  {
    "region": "Омская область",
    "cities": [
      "г. Исилькуль",
      "г. Калачинск",
      "г. Называевск",
      "г. Омск",
      "г. Тара",
      "пгт Любинский рп",
      "пгт Таврическое рп",
      "пгт Черлак рп"
    ]
  },
  {
    "region": "Оренбургская область",
    "cities": [
      "Значение отсутствует",
      "г. Абдулино",
      "г. Бугуруслан",
      "г. Бузулук",
      "г. Гай",
      "г. Кувандык",
      "г. Медногорск",
      "г. Новотроицк",
      "г. Оренбург",
      "г. Орск",
      "г. Соль-Илецк",
      "г. Сорочинск",
      "г. Ясный",
      "посёлок Акбулак",
      "посёлок Новоорск",
      "посёлок Новосергиевка",
      "посёлок Саракташ",
      "село Ивановка",
      "село Илек",
      "село Нежинка",
      "село Тоцкое Второе"
    ]
  },
  {
    "region": "Орловская область",
    "cities": [
      "г. Ливны",
      "г. Мценск",
      "г. Орёл"
    ]
  },
  {
    "region": "Пензенская область",
    "cities": [
      "г. Заречный",
      "г. Каменка",
      "г. Кузнецк",
      "г. Нижний Ломов",
      "г. Никольск",
      "г. Пенза",
      "г. Сердобск",
      "пгт Мокшан рп",
      "село Бессоновка",
      "село Засечное"
    ]
  },
  {
    "region": "Пермский край",
    "cities": [
      "Значение отсутствует",
      "г. Александровск",
      "г. Березники",
      "г. Верещагино",
      "г. Горнозаводск",
      "г. Губаха",
      "г. Добрянка",
      "г. Кизел",
      "г. Красновишерск",
      "г. Краснокамск",
      "г. Кудымкар",
      "г. Кунгур",
      "г. Лысьва",
      "г. Нытва",
      "г. Оса",
      "г. Очер",
      "г. Пермь",
      "г. Соликамск",
      "г. Чайковский",
      "г. Чернушка",
      "г. Чусовой",
      "деревня Кондратово",
      "пгт Полазна",
      "прочие сельские населенные пункты"
    ]
  },
  {
    "region": "Приморский край",
    "cities": [
      "г. Арсеньев",
      "г. Артем",
      "г. Большой Камень",
      "г. Владивосток",
      "г. Дальнегорск",
      "г. Дальнереченск",
      "г. Лесозаводск",
      "г. Находка",
      "г. Партизанск",
      "г. Спасск-Дальний",
      "г. Уссурийск",
      "г. Фокино",
      "пгт Кавалерово",
      "пгт Лучегорск",
      "пгт Славянка",
      "поселок Русский",
      "поселок Трудовое",
      "прочие сельские населенные пункты",
      "село Черниговка",
      "село Чугуевка"
    ]
  },
  {
    "region": "Псковская область",
    "cities": [
      "г. Великие Луки",
      "г. Невель",
      "г. Остров",
      "г. Печоры",
      "г. Псков"
    ]
  },
  {
    "region": "Республика Адыгея",
    "cities": [
      "г. Адыгейск",
      "г. Майкоп",
      "пгт Энем",
      "пгт Яблоновский",
      "посёлок Новая Адыгея",
      "посёлок Тульский",
      "станица Гиагинская",
      "станица Ханская"
    ]
  },
  {
    "region": "Республика Алтай",
    "cities": [
      "г. Горно-Алтайск",
      "село Майма"
    ]
  },
  {
    "region": "Республика Башкортостан",
    "cities": [
      "г. Агидель",
      "г. Баймак",
      "г. Белебей",
      "г. Белорецк",
      "г. Бирск",
      "г. Благовещенск",
      "г. Давлеканово",
      "г. Дюртюли",
      "г. Ишимбай",
      "г. Кумертау",
      "г. Межгорье",
      "г. Мелеуз",
      "г. Нефтекамск",
      "г. Октябрьский",
      "г. Салават",
      "г. Сибай",
      "г. Стерлитамак",
      "г. Туймазы",
      "г. Уфа",
      "г. Учалы",
      "г. Янаул",
      "прочие сельские населенные пункты",
      "рп Приютово",
      "рп Чишмы",
      "село Бакалы",
      "село Бураево",
      "село Иглино",
      "село Кандры",
      "село Кармаскалы",
      "село Красноусольский",
      "село Месягутово",
      "село Михайловка",
      "село Раевский",
      "село Чекмагуш"
    ]
  },
  {
    "region": "Республика Бурятия",
    "cities": [
      "г. Гусиноозерск",
      "г. Закаменск",
      "г. Кяхта",
      "г. Северобайкальск",
      "г. Улан-Удэ",
      "пгт Селенгинск",
      "село Нижний Саянтуй",
      "село Поселье",
      "село Сотниково"
    ]
  },
  {
    "region": "Республика Дагестан",
    "cities": [
      "г. Буйнакск",
      "г. Дагестанские Огни",
      "г. Дербент",
      "г. Избербаш",
      "г. Каспийск",
      "г. Кизилюрт",
      "г. Кизляр",
      "г. Махачкала",
      "г. Хасавюрт",
      "г. Южно-Сухокумск",
      "пгт Альбурикент",
      "пгт Белиджи",
      "пгт Ленинкент",
      "пгт Мамедкала",
      "пгт Семендер",
      "пгт Тарки",
      "пгт Шамхал",
      "село Аксай",
      "село Ахты",
      "село Бабаюрт",
      "село Ботлих",
      "село Губден",
      "село Карабудахкент",
      "село Касумкент",
      "село Каякент",
      "село Коркмаскала",
      "село Леваши",
      "село Ленинаул",
      "село Нижнее Казанище",
      "село Новый Хушет",
      "село Султан-Янги-Юрт",
      "село Чиркей"
    ]
  },
  {
    "region": "Республика Ингушетия",
    "cities": [
      "г. Карабулак",
      "г. Магас",
      "г. Малгобек",
      "г. Назрань",
      "город Сунжа",
      "село Кантышево",
      "село Плиево",
      "село Сагопши",
      "село Сурхахи",
      "село Экажево",
      "станица Нестеровская",
      "станица Троицкая"
    ]
  },
  {
    "region": "Республика Калмыкия",
    "cities": [
      "г. Лагань",
      "г. Элиста",
      "село Троицкое"
    ]
  },
  {
    "region": "Республика Карелия",
    "cities": [
      "г. Кемь",
      "г. Кондопога",
      "г. Костомукша",
      "г. Медвежьегорск",
      "г. Петрозаводск",
      "г. Сегежа",
      "г. Сортавала"
    ]
  },
  {
    "region": "Республика Коми",
    "cities": [
      "г. Воркута",
      "г. Емва",
      "г. Инта",
      "г. Печора",
      "г. Сосногорск",
      "г. Сыктывкар",
      "г. Усинск",
      "г. Ухта",
      "село Выльгорт"
    ]
  },
  {
    "region": "Республика Крым",
    "cities": [
      "Значение отсутствует",
      "г. Алушта",
      "г. Армянск",
      "г. Бахчисарай",
      "г. Белогорск",
      "г. Джанкой",
      "г. Евпатория",
      "г. Керчь",
      "г. Красноперекопск",
      "г. Саки",
      "г. Симферополь",
      "г. Старый Крым",
      "г. Судак",
      "г. Феодосия",
      "г. Щелкино",
      "г. Ялта",
      "пгт Гаспра",
      "пгт Гвардейское",
      "пгт Грэсовский",
      "пгт Красногвардейское",
      "пгт Октябрьское",
      "пгт Приморский",
      "пгт Черноморское",
      "прочие сельские населенные пункты",
      "село Мирное"
    ]
  },
  {
    "region": "Республика Марий Эл",
    "cities": [
      "г. Волжск",
      "г. Звенигово",
      "г. Йошкар-Ола",
      "г. Козьмодемьянск",
      "пгт Медведево",
      "пгт Советский"
    ]
  },
  {
    "region": "Республика Мордовия",
    "cities": [
      "г. Ковылкино",
      "г. Рузаевка",
      "г. Саранск",
      "пгт Зубова Поляна",
      "пгт Комсомольский"
    ]
  },
  {
    "region": "Республика Саха (Якутия)",
    "cities": [
      "г. Алдан",
      "г. Вилюйск",
      "г. Ленск",
      "г. Мирный",
      "г. Нерюнгри",
      "г. Нюрба",
      "г. Покровск",
      "г. Удачный",
      "г. Якутск",
      "пгт Айхал",
      "пгт Жатай",
      "село Сунтар",
      "село Чурапча"
    ]
  },
  {
    "region": "Республика Северная Осетия-Алания",
    "cities": [
      "г. Алагир",
      "г. Ардон",
      "г. Беслан",
      "г. Владикавказ",
      "г. Моздок",
      "пгт Заводской",
      "село Кизляр",
      "село Ногир",
      "село Октябрьское",
      "село Сунжа",
      "село Эльхотово"
    ]
  },
  {
    "region": "Республика Татарстан",
    "cities": [
      "г. Агрыз",
      "г. Азнакаево",
      "г. Альметьевск",
      "г. Арск",
      "г. Бавлы",
      "г. Бугульма",
      "г. Буинск",
      "г. Елабуга",
      "г. Заинск",
      "г. Зеленодольск",
      "г. Казань",
      "г. Кукмор",
      "г. Лениногорск",
      "г. Мамадыш",
      "г. Менделеевск",
      "г. Мензелинск",
      "г. Набережные Челны",
      "г. Нижнекамск",
      "г. Нурлат",
      "г. Тетюши",
      "г. Чистополь",
      "деревня Куюки",
      "пгт Алексеевское",
      "пгт Васильево",
      "пгт Джалиль",
      "пгт Камские Поляны",
      "пгт Уруссу",
      "село Высокая Гора",
      "село Осиново",
      "село Пестрецы"
    ]
  },
  {
    "region": "Республика Тыва",
    "cities": [
      "г. Ак-Довурак",
      "г. Кызыл",
      "г. Шагонар",
      "пгт Каа-Хем"
    ]
  },
  {
    "region": "Республика Хакасия",
    "cities": [
      "г. Абаза",
      "г. Абакан",
      "г. Саяногорск",
      "г. Сорск",
      "г. Черногорск",
      "рп Усть-Абакан",
      "село Белый Яр"
    ]
  },
  {
    "region": "Ростовская область",
    "cities": [
      "г. Азов",
      "г. Аксай",
      "г. Батайск",
      "г. Белая Калитва",
      "г. Волгодонск",
      "г. Гуково",
      "г. Донецк",
      "г. Зверево",
      "г. Зерноград",
      "г. Каменск-Шахтинский",
      "г. Константиновск",
      "г. Красный Сулин",
      "г. Миллерово",
      "г. Морозовск",
      "г. Новочеркасск",
      "г. Новошахтинск",
      "г. Пролетарск",
      "г. Ростов-на-Дону",
      "г. Сальск",
      "г. Семикаракорск",
      "г. Таганрог",
      "г. Цимлянск",
      "г. Шахты",
      "пгт Каменоломни",
      "пгт Усть-Донецкий",
      "посёлок Гигант",
      "посёлок Зимовники",
      "посёлок Матвеев Курган",
      "посёлок Орловский",
      "посёлок Целина",
      "прочие сельские населенные пункты",
      "село Кулешовка",
      "село Покровское",
      "село Самарское",
      "село Чалтырь",
      "станица Багаевская",
      "станица Егорлыкская",
      "станица Кривянская",
      "станица Тацинская"
    ]
  },
  {
    "region": "Рязанская область",
    "cities": [
      "г. Касимов",
      "г. Кораблино",
      "г. Михайлов",
      "г. Новомичуринск",
      "г. Рыбное",
      "г. Ряжск",
      "г. Рязань",
      "г. Сасово",
      "г. Скопин",
      "пгт Шилово"
    ]
  },
  {
    "region": "Самарская область",
    "cities": [
      "г. Жигулевск",
      "г. Кинель",
      "г. Нефтегорск",
      "г. Новокуйбышевск",
      "г. Октябрьск",
      "г. Отрадный",
      "г. Похвистнево",
      "г. Самара",
      "г. Сызрань",
      "г. Тольятти",
      "г. Чапаевск",
      "пгт Алексеевка",
      "пгт Безенчук",
      "пгт Новосемейкино",
      "пгт Стройкерамика",
      "пгт Суходол",
      "пгт Усть-Кинельский",
      "посёлок Придорожный",
      "село Кинель-Черкассы",
      "село Подстепки",
      "село Ягодное"
    ]
  },
  {
    "region": "Саратовская область",
    "cities": [
      "Значение отсутствует",
      "г. Аркадак",
      "г. Аткарск",
      "г. Балаково",
      "г. Балашов",
      "г. Вольск",
      "г. Ершов",
      "г. Калининск",
      "г. Красноармейск",
      "г. Красный Кут",
      "г. Маркс",
      "г. Новоузенск",
      "г. Петровск",
      "г. Пугачев",
      "г. Ртищево",
      "г. Саратов",
      "г. Хвалынск",
      "г. Энгельс",
      "пгт Приволжский рп",
      "пгт Степное рп",
      "поселок Светлый"
    ]
  },
  {
    "region": "Сахалинская область",
    "cities": [
      "г. Долинск",
      "г. Корсаков",
      "г. Невельск",
      "г. Оха",
      "г. Поронайск",
      "г. Холмск",
      "г. Южно-Сахалинск",
      "пгт Ноглики"
    ]
  },
  {
    "region": "Свердловская область",
    "cities": [
      "Значение отсутствует",
      "г. Алапаевск",
      "г. Арамиль",
      "г. Артемовский",
      "г. Асбест",
      "г. Березовский",
      "г. Богданович",
      "г. Верхний Тагил",
      "г. Верхняя Пышма",
      "г. Верхняя Салда",
      "г. Дегтярск",
      "г. Екатеринбург",
      "г. Заречный",
      "г. Ивдель",
      "г. Ирбит",
      "г. Каменск-Уральский",
      "г. Камышлов",
      "г. Карпинск",
      "г. Качканар",
      "г. Кировград",
      "г. Краснотурьинск",
      "г. Красноуральск",
      "г. Красноуфимск",
      "г. Кушва",
      "г. Лесной",
      "г. Невьянск",
      "г. Нижний Тагил",
      "г. Нижняя Салда",
      "г. Нижняя Тура",
      "г. Новая Ляля",
      "г. Новоуральск",
      "г. Первоуральск",
      "г. Полевской",
      "г. Ревда",
      "г. Реж",
      "г. Североуральск",
      "г. Серов",
      "г. Среднеуральск",
      "г. Сухой Лог",
      "г. Сысерть",
      "г. Тавда",
      "г. Талица",
      "г. Туринск",
      "пгт Арти",
      "пгт Белоярский",
      "пгт Рефтинский",
      "посёлок Буланаш",
      "посёлок Троицкий",
      "прочие сельские населенные пункты"
    ]
  },
  {
    "region": "Смоленская область",
    "cities": [
      "г. Вязьма",
      "г. Гагарин",
      "г. Рославль",
      "г. Сафоново",
      "г. Смоленск",
      "г. Ярцево",
      "город Десногорск",
      "пгт Верхнеднепровский"
    ]
  },
  {
    "region": "Ставропольский край",
    "cities": [
      "г. Благодарный",
      "г. Будённовск",
      "г. Георгиевск",
      "г. Ессентуки",
      "г. Железноводск",
      "г. Зеленокумск",
      "г. Изобильный",
      "г. Ипатово",
      "г. Кисловодск",
      "г. Лермонтов",
      "г. Минеральные Воды",
      "г. Михайловск",
      "г. Невинномысск",
      "г. Нефтекумск",
      "г. Новоалександровск",
      "г. Новопавловск",
      "г. Пятигорск",
      "г. Светлоград",
      "г. Ставрополь",
      "пгт Горячеводский рп",
      "пгт Иноземцево кп",
      "пгт Свободы рп",
      "пгт Солнечнодольск рп",
      "прочие сельские населенные пункты",
      "село Александровское",
      "село Арзгир",
      "село Дивное",
      "село Донское",
      "село Кочубеевское",
      "село Красногвардейское",
      "село Краснокумское",
      "село Курсавка",
      "село Надежда",
      "село Прасковея",
      "станица Александрийская",
      "станица Ессентукская",
      "станица Курская",
      "станица Лысогорская",
      "станица Незлобная",
      "станица Суворовская"
    ]
  },
  {
    "region": "Тамбовская область",
    "cities": [
      "г. Жердевка",
      "г. Кирсанов",
      "г. Котовск",
      "г. Мичуринск",
      "г. Моршанск",
      "г. Рассказово",
      "г. Тамбов",
      "г. Уварово",
      "пгт Первомайский рп",
      "посёлок Строитель"
    ]
  },
  {
    "region": "Тверская область",
    "cities": [
      "Значение отсутствует",
      "г. Бежецк",
      "г. Бологое",
      "г. Вышний Волочек",
      "г. Калязин",
      "г. Кашин",
      "г. Кимры",
      "г. Конаково",
      "г. Лихославль",
      "г. Нелидово",
      "г. Осташков",
      "г. Ржев",
      "г. Тверь",
      "г. Торжок",
      "г. Торопец",
      "г. Удомля"
    ]
  },
  {
    "region": "Томская область",
    "cities": [
      "г. Асино",
      "г. Колпашево",
      "г. Северск",
      "г. Стрежевой",
      "г. Томск",
      "посёлок Зональная Станция"
    ]
  },
  {
    "region": "Тульская область",
    "cities": [
      "Значение отсутствует",
      "г. Алексин",
      "г. Белев",
      "г. Богородицк",
      "г. Венев",
      "г. Донской",
      "г. Ефремов",
      "г. Кимовск",
      "г. Киреевск",
      "г. Новомосковск",
      "г. Плавск",
      "г. Суворов",
      "г. Тула",
      "г. Узловая",
      "г. Щекино",
      "г. Ясногорск",
      "пгт Первомайский рп",
      "прочие сельские населенные пункты"
    ]
  },
  {
    "region": "Тюменская область",
    "cities": [
      "г. Заводоуковск",
      "г. Ишим",
      "г. Тобольск",
      "г. Тюмень",
      "г. Ялуторовск",
      "пгт Богандинский рп",
      "пгт Боровский рп",
      "пгт Винзили рп",
      "пгт Голышманово рп",
      "прочие сельские населенные пункты"
    ]
  },
  {
    "region": "Удмуртская Республика",
    "cities": [
      "г. Воткинск",
      "г. Глазов",
      "г. Ижевск",
      "г. Камбарка",
      "г. Можга",
      "г. Сарапул",
      "поселок Балезино",
      "поселок Игра",
      "поселок Кез",
      "поселок Ува",
      "село Завьялово"
    ]
  },
  {
    "region": "Ульяновская область",
    "cities": [
      "Значение отсутствует",
      "г. Барыш",
      "г. Димитровград",
      "г. Инза",
      "г. Новоульяновск",
      "г. Ульяновск",
      "пгт Ишеевка рп",
      "пгт Новоспасское рп",
      "пгт Чердаклы рп"
    ]
  },
  {
    "region": "Хабаровский край",
    "cities": [
      "г. Амурск",
      "г. Бикин",
      "г. Вяземский",
      "г. Комсомольск-на-Амуре",
      "г. Николаевск-на-Амуре",
      "г. Советская Гавань",
      "г. Хабаровск",
      "пгт Ванино",
      "пгт Солнечный",
      "пгт Чегдомын",
      "пгт Эльбан"
    ]
  },
  {
    "region": "Ханты-Мансийский автономный округ - Югра",
    "cities": [
      "г. Белоярский",
      "г. Когалым",
      "г. Лангепас",
      "г. Лянтор",
      "г. Мегион",
      "г. Нефтеюганск",
      "г. Нижневартовск",
      "г. Нягань",
      "г. Покачи",
      "г. Пыть-Ях",
      "г. Радужный",
      "г. Советский",
      "г. Сургут",
      "г. Урай",
      "г. Ханты-Мансийск",
      "г. Югорск",
      "пгт Белый Яр",
      "пгт Излучинск",
      "пгт Междуреченский",
      "пгт Пойковский",
      "пгт Федоровский",
      "посёлок Нижнесортымский",
      "посёлок Солнечный"
    ]
  },
  {
    "region": "Челябинская область",
    "cities": [
      "Значение отсутствует",
      "г. Аша",
      "г. Бакал",
      "г. Верхний Уфалей",
      "г. Еманжелинск",
      "г. Златоуст",
      "г. Карабаш",
      "г. Карталы",
      "г. Касли",
      "г. Катав-Ивановск",
      "г. Копейск",
      "г. Коркино",
      "г. Куса",
      "г. Кыштым",
      "г. Магнитогорск",
      "г. Миасс",
      "г. Нязепетровск",
      "г. Озерск",
      "г. Пласт",
      "г. Сатка",
      "г. Сим",
      "г. Снежинск",
      "г. Трехгорный",
      "г. Троицк",
      "г. Усть-Катав",
      "г. Чебаркуль",
      "г. Челябинск",
      "г. Южноуральск",
      "г. Юрюзань",
      "пгт Красногорский",
      "посёлок Увельский",
      "село Аргаяш",
      "село Варна",
      "село Миасское"
    ]
  },
  {
    "region": "Чеченская Республика",
    "cities": [
      "г Курчалой",
      "г. Аргун",
      "г. Грозный",
      "г. Гудермес",
      "г. Урус-Мартан",
      "г. Шали",
      "поселок Ойсхара",
      "село Автуры",
      "село Аллерой",
      "село Алхан-Кала",
      "село Алхан-Юрт",
      "село Ачхой-Мартан",
      "село Бачи-Юрт",
      "село Гелдаган",
      "село Герменчук",
      "село Гехи",
      "село Гойты",
      "село Знаменское",
      "село Катар-Юрт",
      "село Майртуп",
      "село Мескер-Юрт",
      "село Надтеречное",
      "село Нижний-Нойбер",
      "село Новые-Атаги",
      "село Самашки",
      "село Серноводское",
      "село Старые-Атаги",
      "село Толстой-Юрт",
      "село Цоци-Юрт",
      "станица Наурская",
      "станица Шелковская"
    ]
  },
  {
    "region": "Чувашская Республика",
    "cities": [
      "г. Алатырь",
      "г. Канаш",
      "г. Новочебоксарск",
      "г. Цивильск",
      "г. Чебоксары",
      "г. Шумерля",
      "пгт Вурнары",
      "пгт Кугеси"
    ]
  },
  {
    "region": "Чукотский автономный округ",
    "cities": [
      "г. Анадырь"
    ]
  },
  {
    "region": "Ямало-Ненецкий автономный округ",
    "cities": [
      "г. Губкинский",
      "г. Лабытнанги",
      "г. Муравленко",
      "г. Надым",
      "г. Новый Уренгой",
      "г. Ноябрьск",
      "г. Салехард",
      "г. Тарко-Сале",
      "пгт Пангоды"
    ]
  },
  {
    "region": "Ярославская область",
    "cities": [
      "Значение отсутствует",
      "г. Гаврилов-Ям",
      "г. Данилов",
      "г. Переславль-Залесский",
      "г. Ростов",
      "г. Рыбинск",
      "г. Тутаев",
      "г. Углич",
      "г. Ярославль",
      "прочие сельские населенные пункты"
    ]
  },
  {
    "region": "г. Москва",
    "cities": [
      "Академическое",
      "Алексеевское",
      "Алтуфьевское",
      "Арбат",
      "Аэропорт",
      "Бабушкинское",
      "Басманное",
      "Беговое",
      "Бескудниковское",
      "Бибирево",
      "Бирюлево Восточное",
      "Бирюлево Западное",
      "Богородское",
      "Братеево",
      "Бутырское",
      "Вешняки",
      "Внуково",
      "Войковское",
      "Восточное",
      "Восточное Дегунино",
      "Восточное Измайлово",
      "Выхино-Жулебино",
      "Гагаринское",
      "Головинское",
      "Гольяново",
      "Даниловское",
      "Дмитровское",
      "Донское",
      "Дорогомилово",
      "Замоскворечье",
      "Западное Дегунино",
      "Значение отсутствует",
      "Зюзино",
      "Зябликово",
      "Ивановское",
      "Измайлово",
      "Капотня",
      "Коньково",
      "Коптево",
      "Косино-Ухтомское",
      "Котловка",
      "Красносельское",
      "Крылатское",
      "Крюково",
      "Кузьминки",
      "Кунцево",
      "Куркино",
      "Левобережное",
      "Лефортово",
      "Лианозово",
      "Ломоносовское",
      "Лосиноостровское",
      "Люблино",
      "Марфино",
      "Марьина Роща",
      "Марьино",
      "Матушкино",
      "Метрогородок",
      "Мещанское",
      "Митино",
      "Можайское",
      "Молжаниновское",
      "Москворечье-Сабурово",
      "Нагатино-Садовники",
      "Нагатинский Затон",
      "Нагорное",
      "Некрасовка",
      "Нижегородское",
      "Ново-Переделкино",
      "Новогиреево",
      "Новокосино",
      "Обручевское",
      "Орехово-Борисово Северное",
      "Орехово-Борисово Южное",
      "Останкинское",
      "Отрадное",
      "Очаково-Матвеевское",
      "Перово",
      "Печатники",
      "Покровское-Стрешнево",
      "Преображенское",
      "Пресненское",
      "Проспект Вернадского",
      "Раменки",
      "Ростокино",
      "Рязанское",
      "Савелки",
      "Савеловское",
      "Свиблово",
      "Северное",
      "Северное Бутово",
      "Северное Измайлово",
      "Северное Медведково",
      "Северное Тушино",
      "Силино",
      "Сокол",
      "Соколиная Гора",
      "Сокольники",
      "Солнцево",
      "Старое Крюково",
      "Строгино",
      "Таганское",
      "Тверское",
      "Текстильщики",
      "Теплый Стан",
      "Тимирязевское",
      "Тропарево-Никулино",
      "Филевский Парк",
      "Фили-Давыдково",
      "Хамовники",
      "Ховрино",
      "Хорошево-Мневники",
      "Хорошевское",
      "Царицыно",
      "Черемушки",
      "Чертаново Северное",
      "Чертаново Центральное",
      "Чертаново Южное",
      "Щукино",
      "Южное Бутово",
      "Южное Медведково",
      "Южное Тушино",
      "Южнопортовое",
      "Якиманка",
      "Ярославское",
      "Ясенево"
    ]
  },
  {
    "region": "г. Санкт-Петербург",
    "cities": [
      "г. Зеленогорск",
      "г. Колпино",
      "г. Красное Село",
      "г. Кронштадт",
      "г. Ломоносов",
      "г. Павловск",
      "г. Петергоф",
      "г. Пушкин",
      "г. Сестрорецк",
      "муниципальный округ N 15",
      "муниципальный округ N 21",
      "муниципальный округ N 54",
      "муниципальный округ N 65",
      "муниципальный округ N 7",
      "муниципальный округ N 72",
      "муниципальный округ N 75",
      "муниципальный округ Автово",
      "муниципальный округ Адмиралтейский округ",
      "муниципальный округ Академическое",
      "муниципальный округ Аптекарский Остров",
      "муниципальный округ Балканский",
      "муниципальный округ Большая Охта",
      "муниципальный округ Васильевский",
      "муниципальный округ Введенский",
      "муниципальный округ Владимирский округ",
      "муниципальный округ Волковское",
      "муниципальный округ Гавань",
      "муниципальный округ Гагаринское",
      "муниципальный округ Георгиевский",
      "муниципальный округ Горелово",
      "муниципальный округ Гражданка",
      "муниципальный округ Дачное",
      "муниципальный округ Екатерингофский",
      "муниципальный округ Звездное",
      "муниципальный округ Ивановский",
      "муниципальный округ Измайловское",
      "муниципальный округ Княжево",
      "муниципальный округ Коломна",
      "муниципальный округ Коломяги",
      "муниципальный округ Комендантский Аэродром",
      "муниципальный округ Константиновское",
      "муниципальный округ Красненькая речка",
      "муниципальный округ Кронверкское",
      "муниципальный округ Купчино",
      "муниципальный округ Ланское",
      "муниципальный округ Лахта-Ольгино",
      "муниципальный округ Лиговка-Ямская",
      "муниципальный округ Литейный округ",
      "муниципальный округ Малая Охта",
      "муниципальный округ Морские ворота",
      "муниципальный округ Морской",
      "муниципальный округ Московская Застава",
      "муниципальный округ Нарвский округ",
      "муниципальный округ Народный",
      "муниципальный округ Невская застава",
      "муниципальный округ Невский округ",
      "муниципальный округ Новоизмайловское",
      "муниципальный округ Обуховский",
      "муниципальный округ Озеро Долгое",
      "муниципальный округ Оккервиль",
      "муниципальный округ Остров Декабристов",
      "муниципальный округ Пискаревка",
      "муниципальный округ Полюстрово",
      "муниципальный округ Пороховые",
      "муниципальный округ Посадский",
      "муниципальный округ Правобережный",
      "муниципальный округ Прометей",
      "муниципальный округ Пулковский меридиан",
      "муниципальный округ Ржевка",
      "муниципальный округ Рыбацкое",
      "муниципальный округ Сампсониевское",
      "муниципальный округ Светлановское",
      "муниципальный округ Северный",
      "муниципальный округ Семёновский",
      "муниципальный округ Сенной округ",
      "муниципальный округ Сергиевское",
      "муниципальный округ Смольнинское",
      "муниципальный округ Сосновая Поляна",
      "муниципальный округ Сосновское",
      "муниципальный округ Ульянка",
      "муниципальный округ Урицк",
      "муниципальный округ Финляндский округ",
      "муниципальный округ Чкаловское",
      "муниципальный округ Шувалово-Озерки",
      "муниципальный округ Юго-Запад",
      "муниципальный округ Южно-Приморский",
      "муниципальный округ Юнтолово",
      "муниципальный округ округ Петровский",
      "поселок Металлострой",
      "поселок Парголово",
      "поселок Стрельна",
      "поселок Шушары"
    ]
  },
  {
    "region": "г. Севастополь",
    "cities": [
      "Балаклава",
      "Значение отсутствует",
      "г. Инкерман"
    ]
  }
]




